{
  "full": {
    "params_M": 31.036481,
    "size_mb": 118.4780912399292,
    "gpu_ms": 20.82390308380127,
    "cpu_ms": 541.0616159439087
  },
  "slim": {
    "params_M": 7.762465,
    "size_mb": 29.6723051071167,
    "gpu_ms": 7.644376754760742,
    "cpu_ms": 149.344162940979
  },
  "micro": {
    "params_M": 1.942289,
    "size_mb": 7.458804130554199,
    "gpu_ms": 3.995375633239746,
    "cpu_ms": 55.02186298370361
  }
}