{
  "Full": {
    "overall_tumor_dice": 0.7659420735571019,
    "by_size": {
      "XS (<200)": {
        "dice": 0.3140747694808411,
        "n": 10
      },
      "S (200-500)": {
        "dice": 0.4920162581724125,
        "n": 27
      },
      "M (500-1k)": {
        "dice": 0.6615973001752237,
        "n": 31
      },
      "L (1k-2k)": {
        "dice": 0.821985103710927,
        "n": 53
      },
      "XL (>2k)": {
        "dice": 0.9092253374728045,
        "n": 85
      }
    }
  },
  "Slim": {
    "overall_tumor_dice": 0.7524993437354613,
    "by_size": {
      "XS (<200)": {
        "dice": 0.220964234417933,
        "n": 10
      },
      "S (200-500)": {
        "dice": 0.47111327941222897,
        "n": 27
      },
      "M (500-1k)": {
        "dice": 0.6325179146604587,
        "n": 31
      },
      "L (1k-2k)": {
        "dice": 0.8147927587763626,
        "n": 53
      },
      "XL (>2k)": {
        "dice": 0.909330498253813,
        "n": 85
      }
    }
  },
  "Micro": {
    "overall_tumor_dice": 0.7870407093657106,
    "by_size": {
      "XS (<200)": {
        "dice": 0.4347065647930083,
        "n": 10
      },
      "S (200-500)": {
        "dice": 0.5152777566053287,
        "n": 27
      },
      "M (500-1k)": {
        "dice": 0.7263534862248227,
        "n": 31
      },
      "L (1k-2k)": {
        "dice": 0.8348698401417894,
        "n": 53
      },
      "XL (>2k)": {
        "dice": 0.9071266053244483,
        "n": 85
      }
    }
  },
  "Micro (distill)": {
    "overall_tumor_dice": 0.6968345021125099,
    "by_size": {
      "XS (<200)": {
        "dice": 0.251035652872349,
        "n": 10
      },
      "S (200-500)": {
        "dice": 0.3783248821544722,
        "n": 27
      },
      "M (500-1k)": {
        "dice": 0.5616637420468163,
        "n": 31
      },
      "L (1k-2k)": {
        "dice": 0.7310665431163097,
        "n": 53
      },
      "XL (>2k)": {
        "dice": 0.8784079564666718,
        "n": 85
      }
    }
  }
}