{
  "FP32": {
    "dice": 0.8638384342193604,
    "size_mb": 7.457690238952637,
    "latency_ms": 65.61216354370117
  },
  "FP16": {
    "dice": 0.8658611081741951,
    "size_mb": 3.7468748092651367,
    "latency_ms": 3.023862838745117
  },
  "INT8": {
    "dice": 0.8638384342193604,
    "size_mb": 7.457690238952637,
    "latency_ms": 53.63624095916748
  },
  "ONNX": {
    "size_mb": 7.412862777709961
  }
}