{
  "clean": {
    "ssim_mean": 1.0,
    "ssim_std": 0.0,
    "psnr_mean": 128.13080360867912,
    "dice_mean": 0.1324685828302628,
    "dice_std": 0.09609403961470124
  },
  "gaussian_noise": {
    "ssim_mean": 0.22427427338574416,
    "ssim_std": 0.0374756079358152,
    "psnr_mean": 21.689299763554367,
    "dice_mean": 0.13663322270503983,
    "dice_std": 0.09622459796686206
  },
  "heavy_noise": {
    "ssim_mean": 0.09962427551612399,
    "ssim_std": 0.025273030312776355,
    "psnr_mean": 16.12107045003614,
    "dice_mean": 0.10918787861079432,
    "dice_std": 0.07676841186528877
  },
  "blur_mild": {
    "ssim_mean": 0.9350753858117237,
    "ssim_std": 0.019561283216882698,
    "psnr_mean": 33.563579630411176,
    "dice_mean": 0.1283744612823203,
    "dice_std": 0.09287871647530077
  },
  "blur_heavy": {
    "ssim_mean": 0.8373340788149123,
    "ssim_std": 0.04163781991994694,
    "psnr_mean": 28.331469245881802,
    "dice_mean": 0.12247101371517473,
    "dice_std": 0.08847571803449233
  },
  "downsample_0.5x": {
    "ssim_mean": 0.9547200478476857,
    "ssim_std": 0.01600447683606954,
    "psnr_mean": 35.25646149110258,
    "dice_mean": 0.1292935027621126,
    "dice_std": 0.0936159198657787
  },
  "downsample_0.25x": {
    "ssim_mean": 0.874544103200328,
    "ssim_std": 0.03709119062767084,
    "psnr_mean": 29.79219363268513,
    "dice_mean": 0.12462609684345194,
    "dice_std": 0.08998854601391253
  },
  "rician_noise": {
    "ssim_mean": 0.23558020170068275,
    "ssim_std": 0.04407318956258096,
    "psnr_mean": 20.846392336701598,
    "dice_mean": 0.14554300349514745,
    "dice_std": 0.10219893144067554
  },
  "missing_slice": {
    "ssim_mean": 0.28367454970987505,
    "ssim_std": 0.0888107481433754,
    "psnr_mean": 15.054318044357624,
    "dice_mean": 0.0,
    "dice_std": 0.0
  },
  "brightness_shift": {
    "ssim_mean": 0.4645250605031686,
    "ssim_std": 0.06772740881065825,
    "psnr_mean": 14.151470246373888,
    "dice_mean": 0.1324685828302628,
    "dice_std": 0.09609403961470124
  },
  "contrast_reduce": {
    "ssim_mean": 0.5912836423455101,
    "ssim_std": 0.04662165286202435,
    "psnr_mean": 23.623685262196332,
    "dice_mean": 0.13235943845861867,
    "dice_std": 0.0960710214294896
  }
}