{
  "variant": "full",
  "best_dice": 0.8680253914884619,
  "size_mb": 118.4780912399292,
  "cpu_latency_ms": 571.4506244659424,
  "params_M": 31.036481
}