{
  "variant": "slim",
  "best_dice": 0.8656561890163937,
  "size_mb": 29.6723051071167,
  "cpu_latency_ms": 166.40304565429688,
  "params_M": 7.762465
}