{
  "variant": "micro",
  "best_dice": 0.8637772524679029,
  "size_mb": 7.458804130554199,
  "cpu_latency_ms": 66.94996356964111,
  "params_M": 1.942289
}